<?xml version="1.0" encoding="UTF-8"?>
<project-private xmlns="http://www.netbeans.org/ns/project-private/1">
    <editor-bookmarks xmlns="http://www.netbeans.org/ns/editor-bookmarks/2" lastBookmarkId="0"/>
    <open-files xmlns="http://www.netbeans.org/ns/projectui-open-files/2">
        <group>
            <file>file:/E:/YL/NienLuan/Balo/src/Balo/DoVat.java</file>
            <file>file:/E:/YL/NienLuan/Balo/src/Balo/DanhSachThemBalo.java</file>
            <file>file:/E:/YL/NienLuan/Balo/src/Balo/Balo.java</file>
            <file>file:/E:/YL/NienLuan/Balo/src/Balo/DanhSachThemDoVat.java</file>
            <file>file:/E:/YL/NienLuan/Balo/src/Balo/PhuongPhapGiai.java</file>
        </group>
    </open-files>
</project-private>
